{
  "extraction_config": {
    "target_sites": [
      {
        "name": "Financial Data",
        "base_url": "https://example.com/financial",
        "max_pages": 20,
        "selectors": {
          "data_table": "table.financial-data",
          "pagination_next": "a.next",
          "load_more": "button.load-more"
        },
        "extraction_options": {
          "min_paragraph_length": 300,
          "wait_timeout": 10,
          "retry_attempts": 3
        }
      },
      {
        "name": "Product Listings",
        "base_url": "https://example.com/products",
        "max_pages": 50,
        "selectors": {
          "data_table": "div.product-grid table",
          "pagination_next": "li.next a",
          "load_more": null
        },
        "extraction_options": {
          "min_paragraph_length": 200,
          "wait_timeout": 5,
          "retry_attempts": 2
        }
      }
    ],
    "global_settings": {
      "output_directory": "extracted_data",
      "save_sessions": true,
      "session_prefix": "extraction",
      "rate_limit_delay": 3,
      "enable_logging": true,
      "create_backups": true
    },
    "data_processing": {
      "combine_output": true,
      "generate_csv": true,
      "validate_data": true,
      "remove_duplicates": true
    }
  }
}